filename,OBJNAM,client,SURATH,sursso,ch_typ,glocat,plocat,kmstar,km_end,prjtyp,SURSTA,SUREND,SORIND,INFORM,PICREP,TECSOU,HORDAT,VERDAT,HUNITS,DUNITS,SURTYP,POSACC,SOUACC,CATZOC,lwschm,geodif,planam,sur_id,pubweb,objst8,objdel
11024SA_101A.csar,11024SA_101A,CCG - Pacific,PWGSC - Geomatic Services,11024,0,0,56,-1,1,Recon,,20110907,,,,1,75,13,1,1,2,,,3,2,n/a,MV Shoal Point,SA_101,,,
11024SA0708A.csar,11024SA0708A,CCG - Pacific,PWGSC - Geomatic Services,11024,0,0,64,7,8,Recon,,20110907,,,,1,75,13,1,1,2,,,3,2,n/a,MV Shoal Point,SA0708,,,
11022SA_101A.csar,11022SA_101A,CCG - Pacific,PWGSC - Geomatic Services,11022,0,0,56,-1,1,Recon,,20110901,,,,1,75,13,1,1,2,,,3,2,n/a,MV Shoal Point,SA_101,,,
11022SA0710A.csar,11022SA0710A,CCG - Pacific,PWGSC - Geomatic Services,11022,0,0,64,7,10,Recon,,20110831,,,,1,75,13,1,1,2,,,3,2,n/a,MV Shoal Point,SA0710,,,
11022SA0103A.csar,11022SA0103A,CCG - Pacific,PWGSC - Geomatic Services,11022,0,0,57,1,3,Recon,,20110830,,,,1,75,13,1,1,2,,,3,2,n/a,MV Shoal Point,SA0103,,,
11022SA3234A.csar,11022SA3234A,CCG - Pacific,PWGSC - Geomatic Services,11022,0,0,1,32,34,Recon,,20110829,,,,1,75,13,1,1,2,,,3,2,n/a,MV Shoal Point,SA3234,,,
11021SA0710A.csar,11021SA0710A,CCG - Pacific,PWGSC - Geomatic Services,11021,0,0,64,7,10,Recon,,20110824,,,,1,75,13,1,1,2,,,3,2,n/a,MV Shoal Point,SA0710,,,
11020SA3234A.csar,11020SA3234A,CCG - Pacific,PWGSC - Geomatic Services,11020,0,0,1,32,34,Recon,,20110819,,,,1,75,13,1,1,2,,,3,2,n/a,MV Shoal Point,SA3234,,,
11020SA0104A.csar,11020SA0104A,CCG - Pacific,PWGSC - Geomatic Services,11020,0,0,57,1,4,Recon,,20110818,,,,1,75,13,1,1,2,,,3,2,n/a,MV Shoal Point,SA0104,,,
11020SA_101A.csar,11020SA_101A,CCG - Pacific,PWGSC - Geomatic Services,11020,0,0,56,-1,1,Recon,,20110817,,,,1,75,13,1,1,2,,,3,2,n/a,MV Shoal Point,SA_101,,,
11020SA0710A.csar,11020SA0710A,CCG - Pacific,PWGSC - Geomatic Services,11020,0,0,64,7,10,Recon,,20110815,,,,1,75,13,1,1,2,,,3,2,n/a,MV Shoal Point,SA0710,,,
11019SA3234A.csar,11019SA3234A,CCG - Pacific,PWGSC - Geomatic Services,11019,0,0,1,32,34,Recon,,20110811,,,,1,75,13,1,1,2,,,3,2,n/a,MV Shoal Point,SA3234,,,
11019SA0104A.csar,11019SA0104A,CCG - Pacific,PWGSC - Geomatic Services,11019,0,0,57,1,4,Recon,,20110810,,,,1,75,13,1,1,2,,,3,2,n/a,MV Shoal Point,SA0104,,,
11019SA0710A.csar,11019SA0710A,CCG - Pacific,PWGSC - Geomatic Services,11019,0,0,64,7,10,Recon,,20110809,,,,1,75,13,1,1,2,,,3,2,n/a,MV Shoal Point,SA0710,,,
11019SA_101A.csar,11019SA_101A,CCG - Pacific,PWGSC - Geomatic Services,11019,0,0,56,-1,1,Recon,,20110808,,,,1,75,13,1,1,2,,,3,2,n/a,MV Shoal Point,SA_101,,,
11018SA3234A.csar,11018SA3234A,CCG - Pacific,PWGSC - Geomatic Services,11018,0,0,1,32,34,Recon,,20110804,,,,1,75,13,1,1,2,,,3,2,n/a,MV Shoal Point,SA3234
11018SA0104A.csar,11018SA0104A,CCG - Pacific,PWGSC - Geomatic Services,11018,0,0,57,1,4,Recon,,20110803,,,,1,75,13,1,1,2,,,3,2,n/a,MV Shoal Point,SA0104
11018SA0710A.csar,11018SA0710A,CCG - Pacific,PWGSC - Geomatic Services,11018,0,0,64,7,10,Recon,,20110802,,,,1,75,13,1,1,2,,,3,2,n/a,MV Shoal Point,SA0710
11016SA_101A.csar,11016SA_101A,CCG - Pacific,PWGSC - Geomatic Services,11016,0,0,56,-1,1,Recon,,20110728,,,,1,75,13,1,1,2,,,3,2,n/a,MV Shoal Point,SA_101
11016SA3234A.csar,11016SA3234A,CCG - Pacific,PWGSC - Geomatic Services,11016,0,0,1,32,34,Recon,,20110728,,,,1,75,13,1,1,2,,,3,2,n/a,MV Shoal Point,SA3234
11016SA0104A.csar,11016SA0104A,CCG - Pacific,PWGSC - Geomatic Services,11016,0,0,57,1,4,Recon,,20110727,,,,1,75,13,1,1,2,,,3,2,n/a,MV Shoal Point,SA0104
11016SA0710A.csar,11016SA0710A,CCG - Pacific,PWGSC - Geomatic Services,11016,0,0,64,7,10,Recon,,20110725,,,,1,75,13,1,1,2,,,3,2,n/a,MV Shoal Point,SA0710
11015SA3234A.csar,11015SA3234A,CCG - Pacific,PWGSC - Geomatic Services,11015,0,0,1,32,34,Recon,,20110721,,,,1,75,13,1,1,2,,,3,2,n/a,MV Shoal Point,SA3234
11015SA0104A.csar,11015SA0104A,CCG - Pacific,PWGSC - Geomatic Services,11015,0,0,57,1,3.5,Recon,,20110720,,,,1,75,13,1,1,2,,,3,2,n/a,MV Shoal Point,SA0104
11015SA_101A.csar,11015SA_101A,CCG - Pacific,PWGSC - Geomatic Services,11015,0,0,56,-1,1,Recon,,20110719,,,,1,75,13,1,1,2,,,3,2,n/a,MV Shoal Point,SA_101
11015SA0710A.csar,11015SA0710A,CCG - Pacific,PWGSC - Geomatic Services,11015,0,0,64,7,10,Recon,,20110718,,,,1,75,13,1,1,2,,,3,2,n/a,MV Shoal Point,SA0710
11013SA2426A.csar,11013SA2426A,CCG - Pacific,PWGSC - Geomatic Services,11013,0,0,31,24.5,26,Recon,,20110714,,,,8,75,13,1,1,2,,,1,2,n/a,MV Profiler II,SA2426
11013SA2729A.csar,11013SA2729A,CCG - Pacific,PWGSC - Geomatic Services,11013,0,0,16,27,29,Recon,,20110714,,,,8,75,13,1,1,2,,,1,2,n/a,MV Profiler II,SA2729
11013SA3234A.csar,11013SA3234A,CCG - Pacific,PWGSC - Geomatic Services,11013,0,0,1,32,34,Recon,,20110714,,,,8,75,13,1,1,2,,,1,2,n/a,MV Profiler II,SA3234
11013SA_101A.csar,11013SA_101A,CCG - Pacific,PWGSC - Geomatic Services,11013,0,0,56,-1,1,Recon,,20110713,,,,8,75,13,1,1,2,,,1,2,n/a,MV Profiler II,SA_101
11013SA2022A.csar,11013SA2022A,CCG - Pacific,PWGSC - Geomatic Services,11013,0,0,31,20,22,Recon,,20110713,,,,8,75,13,1,1,2,,,1,2,n/a,MV Profiler II,SA2022
11013SA0104A.csar,11013SA0104A,CCG - Pacific,PWGSC - Geomatic Services,11013,0,0,57,1,4,Recon,,20110712,,,,8,75,13,1,1,2,,,1,2,n/a,MV Profiler II,SA0104
11013SA0910A.csar,11013SA0910A,CCG - Pacific,PWGSC - Geomatic Services,11013,0,0,64,9,10,Recon,,20110712,,,,8,75,13,1,1,2,,,1,2,2.20m below GD,MV Profiler II,SA0910
11013SA0507A.csar,11013SA0507A,CCG - Pacific,PWGSC - Geomatic Services,11013,0,0,63,5,7,Recon,,20110711,,,,8,75,13,1,1,2,,,1,2,n/a,MV Profiler II,SA0507
11013SA0709A.csar,11013SA0709A,CCG - Pacific,PWGSC - Geomatic Services,11013,0,0,64,7,9,Recon,,20110711,,,,8,75,13,1,1,2,,,1,2,n/a,MV Profiler II,SA0709
11017MA4040A.csar,11017MA4040A,CCG - Pacific,PWGSC - Geomatic Services,11017,0,2,52,40,40,Recon,,20110708,,,,8,75,13,1,1,2,,,1,2,1.15m below GD,MV Profiler II,SA4040
11012SA0710A.csar,11012SA0710A,CCG - Pacific,PWGSC - Geomatic Services,11012,0,0,64,7,10,Recon,,20110707,,,,8,75,13,1,1,2,,,1,2,n/a,MV Profiler II,SA0710
11012SA0104A.csar,11012SA0104A,CCG - Pacific,PWGSC - Geomatic Services,11012,0,0,57,1,4,Recon,,20110706,,,,8,75,13,1,1,2,,,1,2,n/a,MV Profiler II,SA0104
11012SA_101A.csar,11012SA_101A,CCG - Pacific,PWGSC - Geomatic Services,11012,0,0,56,-1,1,Recon,,20110705,,,,8,75,13,1,1,2,,,1,2,n/a,MV Profiler II,SA_101
11012SA3134A.csar,11012SA3134A,CCG - Pacific,PWGSC - Geomatic Services,11012,0,0,1,31.3,34,Recon,,20110704,,,,8,75,13,1,1,2,,,1,2,n/a,MV Profiler II,SA3134
11011SA0710A.csar,11011SA0710A,CCG - Pacific,PWGSC - Geomatic Services,11011,0,0,64,7,10,Recon,,20110629,,,,8,75,13,1,1,2,,,1,2,n/a,MV Profiler II,SA0710
11011SA0104A.csar,11011SA0104A,CCG - Pacific,PWGSC - Geomatic Services,11011,0,0,57,1,4,Recon,,20110628,,,,8,75,13,1,1,2,,,1,2,n/a,MV Profiler II,SA0104
11011SA_101A.csar,11011SA_101A,CCG - Pacific,PWGSC - Geomatic Services,11011,0,0,56,-1,1,Recon,,20110627,,,,8,75,13,1,1,2,,,1,2,n/a,MV Profiler II,SA_101
11010SA3333A.csar,11010SA3333A,CCG - Pacific,PWGSC - Geomatic Services,11010,0,0,1,33,33,Recon,,20110624,,,,8,75,13,1,1,2,,,1,2,n/a,MV Profiler II,SA3333
11010SA0710A.csar,11010SA0710A,CCG - Pacific,PWGSC - Geomatic Services,11010,0,0,64,7,10.3,Recon,,20110623,,,,8,75,13,1,1,2,,,1,2,n/a,MV Profiler II,SA0710
11010SA0104A.csar,11010SA0104A,CCG - Pacific,PWGSC - Geomatic Services,11010,0,0,57,1,4,Recon,,20110622,,,,8,75,13,1,1,2,,,1,2,n/a,MV Profiler II,SA0104
11010SA_101A.csar,11010SA_101A,CCG - Pacific,PWGSC - Geomatic Services,11010,0,0,56,-1,1,Recon,,20110621,,,,8,75,13,1,1,2,,,1,2,n/a,MV Profiler II,SA_101
11010SA3234A.csar,11010SA3234A,CCG - Pacific,PWGSC - Geomatic Services,11010,0,0,1,32,34,Recon,,20110620,,,,8,75,13,1,1,2,,,1,2,n/a,MV Profiler II,SA3234
11009SA0104A.csar,11009SA0104A,CCG - Pacific,PWGSC - Geomatic Services,11009,0,0,57,1,4,Recon,,20110616,,,,8,75,13,1,1,2,,,1,2,n/a,MV Profiler II,SA0104
11009SA0507A.csar,11009SA0507A,CCG - Pacific,PWGSC - Geomatic Services,11009,0,0,63,5,7,Recon,,20110614,,,,8,75,13,1,1,2,,,1,2,n/a,MV Profiler II,SA0507
11009SA0710A.csar,11009SA0710A,CCG - Pacific,PWGSC - Geomatic Services,11009,0,0,64,7,10,Recon,,20110613,,,,1,75,13,1,1,2,,,3,2,n/a,MV Shoal Point,SA0710
11008SA3234A.csar,11008SA3234A,CCG - Pacific,PWGSC - Geomatic Services,11008,0,0,1,32,34,Recon,,20110610,,,,1,75,13,1,1,2,,,3,2,n/a,MV Shoal Point,SA3234
11008SA_101A.csar,11008SA_101A,CCG - Pacific,PWGSC - Geomatic Services,11008,0,0,56,-1,1,Recon,,20110609,,,,1,75,13,1,1,2,,,3,2,n/a,MV Shoal Point,SA_101
11008SA0104A.csar,11008SA0104A,CCG - Pacific,PWGSC - Geomatic Services,11008,0,0,57,1,4,Recon,,20110609,,,,1,75,13,1,1,2,,,3,2,n/a,MV Shoal Point,SA0104
11008SA1617A.csar,11008SA1617A,CCG - Pacific,PWGSC - Geomatic Services,11008,0,0,69,16,17.5,Recon,,20110607,,,,8,75,13,1,1,2,,,1,2,n/a,MV Profiler II,SA1617
11008SA0710A.csar,11008SA0710A,CCG - Pacific,PWGSC - Geomatic Services,11008,0,0,64,7,10,Recon,,20110606,,,,8,75,13,1,1,2,,,1,2,n/a,MV Profiler II,SA0710
11007SA_101A.csar,11007SA_101A,CCG - Pacific,PWGSC - Geomatic Services,11007,0,0,56,-1,1,Recon,,20110601,,,,8,75,13,1,1,2,,,1,2,n/a,MV Profiler II,SA_101
11007SA0104A.csar,11007SA0104A,CCG - Pacific,PWGSC - Geomatic Services,11007,0,0,57,1,4,Recon,,20110531,,,,8,75,13,1,1,2,,,1,2,n/a,MV Profiler II,SA0104
11007SA3234A.csar,11007SA3234A,CCG - Pacific,PWGSC - Geomatic Services,11007,0,0,1,32,34,Recon,,20110530,,,,8,75,13,1,1,2,,,1,2,n/a,MV Profiler II,SA3234
11006SA_101A.csar,11006SA_101A,CCG - Pacific,PWGSC - Geomatic Services,11006,0,0,56,-1,1,Recon,,20110527,,,,8,75,13,1,1,2,,,1,2,n/a,MV Profiler II,SA_101
11006SA0710A.csar,11006SA0710A,CCG - Pacific,PWGSC - Geomatic Services,11006,0,0,64,7,10,Recon,,20110526,,,,8,75,13,1,1,2,,,1,2,n/a,MV Profiler II,SA0710
11006SA0104A.csar,11006SA0104A,CCG - Pacific,PWGSC - Geomatic Services,11006,0,0,57,1,4,Recon,,20110525,,,,8,75,13,1,1,2,,,1,2,n/a,MV Profiler II,SA0104
11006SA3234A.csar,11006SA3234A,CCG - Pacific,PWGSC - Geomatic Services,11006,0,0,1,32,34,Recon,,20110524,,,,8,75,13,1,1,2,,,1,2,n/a,MV Profiler II,SA3234
11005SA_101A.csar,11005SA_101A,CCG - Pacific,PWGSC - Geomatic Services,11005,0,0,56,-1,1,Recon,,20110512,,,,8,75,13,1,1,2,,,1,2,n/a,MV Profiler II,SA_101
11005SA3234A.csar,11005SA3234A,CCG - Pacific,PWGSC - Geomatic Services,11005,0,0,1,32,34,Recon,,20110511,,,,8,75,13,1,1,2,,,1,2,n/a,MV Profiler II,SA3234
11005SA0710A.csar,11005SA0710A,CCG - Pacific,PWGSC - Geomatic Services,11005,0,0,64,7,10,Recon,,20110510,,,,8,75,13,1,1,2,,,1,2,n/a,MV Profiler II,SA0710
11005SA0104A.csar,11005SA0104A,CCG - Pacific,PWGSC - Geomatic Services,11005,0,0,57,1,3.5,Recon,,20110509,,,,8,75,13,1,1,2,,,1,2,n/a,MV Profiler II,SA0104
10032SA_101A.csar,10032SA_101A,CCG - Pacific,PWGSC - Geomatic Services,10032,0,0,56,-1,1,Annual,,20110401,,,,1,75,13,1,1,2,,,3,2,n/a,MV Shoal Point,SA_101
10032SA0104A.csar,10032SA0104A,CCG - Pacific,PWGSC - Geomatic Services,10032,0,0,57,1,4,Annual,,20110401,,,,1,75,13,1,1,2,,,3,2,n/a,MV Shoal Point,SA0104
10032SA0407A.csar,10032SA0407A,CCG - Pacific,PWGSC - Geomatic Services,10032,0,0,63,4,7,Annual,,20110329,,,,1,75,13,1,1,2,,,3,2,n/a,MV Shoal Point,SA0407
10032SA0711A.csar,10032SA0711A,CCG - Pacific,PWGSC - Geomatic Services,10032,0,0,64,7,11,Annual,,20110328,,,,1,75,13,1,1,2,,,3,2,n/a,MV Shoal Point,SA0711
10032CC0912A.csar,10032CC0912A,CCG - Pacific,PWGSC - Geomatic Services,10032,1,0,8,9,12,Annual,,20110324,,,,1,75,13,1,1,2,,,3,2,n/a,Lifetimer,CC0912
10032SA1116A.csar,10032SA1116A,CCG - Pacific,PWGSC - Geomatic Services,10032,0,0,69,11,16,Annual,,20110323,,,,1,75,13,1,1,2,,,3,2,n/a,MV Shoal Point,SA1116
10032SA_100B.csar,10032SA_100B,CCG - Pacific,PWGSC - Geomatic Services,10032,0,0,56,-1,0,Annual,,20110322,,,,8,75,13,1,1,2,,,1,2,n/a,MV Profiler II,SA_100
10032SA0001B.csar,10032SA0001B,CCG - Pacific,PWGSC - Geomatic Services,10032,0,0,56,0,1,Annual,,20110322,,,,8,75,13,1,1,2,,,1,2,n/a,MV Profiler II,SA0001
10032SA0103B.csar,10032SA0103B,CCG - Pacific,PWGSC - Geomatic Services,10032,0,0,57,1,3,Annual,,20110321,,,,8,75,13,1,1,2,,,1,2,n/a,MV Profiler II,SA0103
10032SA0304B.csar,10032SA0304B,CCG - Pacific,PWGSC - Geomatic Services,10032,0,0,57,3,4,Annual,,20110317,,,,8,75,13,1,1,2,,,1,2,n/a,MV Profiler II,SA0304
10032SA0405B.csar,10032SA0405B,CCG - Pacific,PWGSC - Geomatic Services,10032,0,0,57,4,5,Annual,,20110317,,,,8,75,13,1,1,2,,,1,2,n/a,MV Profiler II,SA0405
10032CC0912B.csar,10032CC0912B,CCG - Pacific,PWGSC - Geomatic Services,10032,1,0,12,9,12,Annual,,20110315,,,,1,75,13,1,1,2,,,3,2,n/a,,CC0912
10032SA0507B.csar,10032SA0507B,CCG - Pacific,PWGSC - Geomatic Services,10032,0,0,63,5,7,Annual,,20110314,,,,8,75,13,1,1,2,,,1,2,n/a,MV Profiler II,SA0507
10032SA0711B.csar,10032SA0711B,CCG - Pacific,PWGSC - Geomatic Services,10032,0,0,64,7,11,Annual,,20110310,,,,8,75,13,1,1,2,,,1,2,n/a,MV Profiler II,SA0711
10032SA1619A.csar,10032SA1619A,CCG - Pacific,PWGSC - Geomatic Services,10032,0,0,69,16,19,Annual,,20110310,,,,1,75,13,1,1,2,,,3,2,n/a,MV Shoal Point,SA1619
10032SA1116B.csar,10032SA1116B,CCG - Pacific,PWGSC - Geomatic Services,10032,0,0,69,11,16,Annual,,20110309,,,,8,75,13,1,1,2,,,1,2,n/a,MV Profiler II,SA1116
10032SA1619B.csar,10032SA1619B,CCG - Pacific,PWGSC - Geomatic Services,10032,0,0,69,16,19,Annual,,20110308,,,,8,75,13,1,1,2,,,1,2,n/a,MV Profiler II,SA1619
10032SA1923A.csar,10032SA1923A,CCG - Pacific,PWGSC - Geomatic Services,10032,0,0,31,19,23,Annual,,20110308,,,,1,75,13,1,1,2,,,3,2,n/a,MV Shoal Point,SA1923
10032SA1921B.csar,10032SA1921B,CCG - Pacific,PWGSC - Geomatic Services,10032,0,0,31,19,21,Annual,,20110307,,,,8,75,13,1,1,2,,,1,2,n/a,MV Profiler II,SA1921
10032SA2123B.csar,10032SA2123B,CCG - Pacific,PWGSC - Geomatic Services,10032,0,0,31,21,23,Annual,,20110303,,,,8,75,13,1,1,2,,,1,2,n/a,MV Profiler II,SA2123
10032SA2327B.csar,10032SA2327B,CCG - Pacific,PWGSC - Geomatic Services,10032,0,0,31,23,27,Annual,,20110303,,,,8,75,13,1,1,2,,,1,2,n/a,MV Profiler II,SA2327
10032SA2731B.csar,10032SA2731B,CCG - Pacific,PWGSC - Geomatic Services,10032,0,0,16,27,31,Annual,,20110302,,,,8,75,13,1,1,2,,,1,2,n/a,MV Profiler II,SA2731
10032SA3135A.csar,10032SA3135A,CCG - Pacific,PWGSC - Geomatic Services,10032,0,0,1,31,35,Annual,,20110301,,,,8,75,13,1,1,2,,,1,2,n/a,MV Profiler II,SA3135
10020PR4950A.csar,10020PR4950A,CCG - Pacific,PWGSC - Geomatic Services,10020,0,4,13,49,50,Recon,,20110222,,,,8,75,13,1,1,2,,,1,4,0.70m below GD,MV Profiler II,PR4950
10032SA2327A.csar,10032SA2327A,CCG - Pacific,PWGSC - Geomatic Services,10032,0,0,31,23,27,Annual,,20110221,,,,1,75,13,1,1,2,,,3,2,n/a,MV Shoal Point,SA2327
10039SA0104A.csar,10039SA0104A,CCG - Pacific,PWGSC - Geomatic Services,10039,0,0,57,1,4,Recon,,20110217,,,,8,75,13,1,1,2,,,1,2,n/a,MV Profiler II,SA0104
10039SA0507A.csar,10039SA0507A,CCG - Pacific,PWGSC - Geomatic Services,10039,0,0,63,5,7,Recon,,20110215,,,,8,75,13,1,1,2,,,1,2,n/a,MV Profiler II,SA0507
10039SA0710A.csar,10039SA0710A,CCG - Pacific,PWGSC - Geomatic Services,10039,0,0,64,7,10,Recon,,20110214,,,,8,75,13,1,1,2,,,1,2,n/a,MV Profiler II,SA0710
10032SA2731A.csar,10032SA2731A,CCG - Pacific,PWGSC - Geomatic Services,10032,0,0,16,27,31,Annual,,20110210,,,,1,75,13,1,1,2,,,3,2,n/a,MV Shoal Point,SA2731
10032GS3132B.csar,10032GS3132B,CCG - Pacific,PWGSC - Geomatic Services,10032,1,0,32,31,32,Annual,,20110208,,,,1,75,13,1,1,2,,,3,2,n/a,Lifetimer,GS3132
10032SA3135B.csar,10032SA3135B,CCG - Pacific,PWGSC - Geomatic Services,10032,0,0,1,31,35,Annual,,20110208,,,,1,75,13,1,1,2,,,3,2,n/a,MV Shoal Point,SA3135
10034SA_200A.csar,10034SA_200A,CCG - Pacific,PWGSC - Geomatic Services,10034,0,0,56,-2,0,Recon,,20110203,,,,1,75,13,1,1,2,,,3,2,n/a,MV Shoal Point,SA_200
10036SA3234A.csar,10036SA3234A,CCG - Pacific,PWGSC - Geomatic Services,10036,0,0,1,32,34,Recon,,20110131,,,,8,75,13,1,1,2,,,1,2,n/a,MV Profiler II,SA3234
10036SA0710A.csar,10036SA0710A,CCG - Pacific,PWGSC - Geomatic Services,10036,0,0,64,7,10,Recon,,20110127,,,,8,75,13,1,1,2,,,1,2,n/a,MV Profiler II,SA0710
10036SA0104A.csar,10036SA0104A,CCG - Pacific,PWGSC - Geomatic Services,10036,0,0,57,1,4,Recon,,20110125,,,,8,75,13,1,1,2,,,1,2,n/a,MV Profiler II,SA0104
10037SA2324A.csar,10037SA2324A,CCG - Pacific,PWGSC - Geomatic Services,10037,0,0,31,23,24,Recon,,20110125,,,,8,75,13,1,1,2,,,1,2,n/a,MV Profiler II,SA2324
10036SA_101A.csar,10036SA_101A,CCG - Pacific,PWGSC - Geomatic Services,10036,0,0,56,-1,1,Recon,,20110124,,,,8,75,13,1,1,2,,,1,2,n/a,MV Profiler II,SA_101
10035VH-LYNNTERM.csar,10035VH-LYNNTERM,CCG - Pacific,PWGSC - Geomatic Services,10035,0,13,36,,,Recon,,20110119,,,,8,75,13,1,1,2,,,1,5,3.02m below GD,MV Profiler II,VH-LYN
10032DS1718A.csar,10032DS1718A,CCG - Pacific,PWGSC - Geomatic Services,10032,1,0,18,17,18,Annual,,20110113,,,,1,75,13,1,1,2,,,3,2,n/a,Lifetimer,DS1718
10032SR1115A.csar,10032SR1115A,CCG - Pacific,PWGSC - Geomatic Services,10032,1,0,60,11,15,Annual,,20110111,,,,1,75,13,1,1,2,,,3,2,n/a,Lifetimer,SR1115
10032CP1415A.csar,10032CP1415A,CCG - Pacific,PWGSC - Geomatic Services,10032,1,0,9,14,15,Annual,,20110111,,,,1,75,13,1,1,2,,,3,2,n/a,Lifetimer,CP1415
10032LH1519A.csar,10032LH1519A,CCG - Pacific,PWGSC - Geomatic Services,10032,1,0,34,15,19,Annual,,20110111,,,,1,75,13,1,1,2,,,3,2,n/a,Lifetimer,LH1519
10032LR1620A.csar,10032LR1620A,CCG - Pacific,PWGSC - Geomatic Services,10032,1,0,35,16,20,Annual,,20110111,,,,1,75,13,1,1,2,,,3,2,n/a,Lifetimer,LR1620
10032GS3132A.csar,10032GS3132A,CCG - Pacific,PWGSC - Geomatic Services,10032,1,0,32,31,32,Annual,,20110106,,,,1,75,13,1,1,2,,,3,2,n/a,Lifetimer,GS3132
10032MA4347A.csar,10032MA4347A,CCG - Pacific,PWGSC - Geomatic Services,10032,0,2,22,43,47,Annual,,20110104,,,,1,75,13,1,1,2,,,3,2,n/a,MV Shoal Point,MA4347
10032MA3543A.csar,10032MA3543A,CCG - Pacific,PWGSC - Geomatic Services,10032,0,2,52,35,43,Annual,,20101209,,,,1,75,13,1,1,2,,,3,2,n/a,MV Shoal Point,MA3543
10030SA3234A.csar,10030SA3234A,CCG - Pacific,PWGSC - Geomatic Services,10030,0,0,1,32,34,Recon,,20101208,,,,8,75,13,1,1,2,,,1,2,n/a,MV Profiler II,SA3234
10030SA0104A.csar,10030SA0104A,CCG - Pacific,PWGSC - Geomatic Services,10030,0,0,57,1,3.5,Recon,,20101207,,,,8,75,13,1,1,2,,,1,2,n/a,MV Profiler II,SA0104
10030SA_101A.csar,10030SA_101A,CCG - Pacific,PWGSC - Geomatic Services,10030,0,0,56,-1,1,Recon,,20101206,,,,8,75,13,1,1,2,,,1,2,n/a,MV Profiler II,SA_101
10030SA2527A.csar,10030SA2527A,CCG - Pacific,PWGSC - Geomatic Services,10030,0,0,31,25,27,Recon,,20101124,,,,8,75,13,1,1,2,,,1,2,n/a,MV Profiler II,SA2527
10030SA2729A.csar,10030SA2729A,CCG - Pacific,PWGSC - Geomatic Services,10030,0,0,16,27,29,Recon,,20101124,,,,8,75,13,1,1,2,,,1,2,n/a,MV Profiler II,SA2729
10030SA0507A.csar,10030SA0507A,CCG - Pacific,PWGSC - Geomatic Services,10030,0,0,63,5,7,Recon,,20101123,,,,8,75,13,1,1,2,,,1,2,n/a,MV Profiler II,SA0507
10030SA2123A.csar,10030SA2123A,CCG - Pacific,PWGSC - Geomatic Services,10030,0,0,31,21,23,Recon,,20101123,,,,8,75,13,1,1,2,,,1,2,n/a,MV Profiler II,SA2123
10030SA0710A.csar,10030SA0710A,CCG - Pacific,PWGSC - Geomatic Services,10030,0,0,64,7,10,Recon,,20101118,,,,8,75,13,1,1,2,,,1,2,n/a,MV Profiler II,SA0710
10024MA7983A.csar,10024MA7983A,CCG - Pacific,PWGSC - Geomatic Services,10024,0,2,40,79,83,Recon,,20101117,,,,1,75,13,1,1,2,,,3,2,n/a,MV Shoal Point,MA7983
10024MA8385A.csar,10024MA8385A,CCG - Pacific,PWGSC - Geomatic Services,10024,0,2,40,83,85,Recon,,20101116,,,,1,75,13,1,1,2,,,3,2,n/a,MV Shoal Point,MA8385
10024MA7579A.csar,10024MA7579A,CCG - Pacific,PWGSC - Geomatic Services,10024,0,2,47,75,79,Recon,,20101115,,,,1,75,13,1,1,2,,,3,2,n/a,MV Shoal Point,MA7579
10024MA7175A.csar,10024MA7175A,CCG - Pacific,PWGSC - Geomatic Services,10024,0,2,47,71,75,Recon,,20101110,,,,1,75,13,1,1,2,,,3,2,n/a,MV Shoal Point,MA7175
10024MA6367A.csar,10024MA6367A,CCG - Pacific,PWGSC - Geomatic Services,10024,0,2,55,63,67,Recon,,20101104,,,,1,75,13,1,1,2,,,3,2,n/a,MV Shoal Point,MA6367
10024MA6771A.csar,10024MA6771A,CCG - Pacific,PWGSC - Geomatic Services,10024,0,2,47,67,71,Recon,,20101104,,,,1,75,13,1,1,2,,,3,2,n/a,MV Shoal Point,MA6771
10024MA5963A.csar,10024MA5963A,CCG - Pacific,PWGSC - Geomatic Services,10024,0,2,55,59,63,Recon,,20101102,,,,1,75,13,1,1,2,,,3,2,n/a,MV Shoal Point,MA5963
10024MA5155A.csar,10024MA5155A,CCG - Pacific,PWGSC - Geomatic Services,10024,0,2,5,51,55,Recon,,20101101,,,,1,75,13,1,1,2,,,3,2,n/a,MV Shoal Point,MA5155
10024MA5559A.csar,10024MA5559A,CCG - Pacific,PWGSC - Geomatic Services,10024,0,2,21,55,59,Recon,,20101101,,,,1,75,13,1,1,2,,,3,2,n/a,MV Shoal Point,MA5559
10026SA0710A.csar,10026SA0710A,CCG - Pacific,PWGSC - Geomatic Services,10026,0,0,64,7,10,Recon,,20101021,,,,8,75,13,1,1,2,,,1,2,n/a,MV Profiler II,SA0710
10026SA0104A.csar,10026SA0104A,CCG - Pacific,PWGSC - Geomatic Services,10026,0,0,57,1,4,Recon,,20101020,,,,8,75,13,1,1,2,,,1,2,n/a,MV Profiler II,SA0104
10026SA_101A.csar,10026SA_101A,CCG - Pacific,PWGSC - Geomatic Services,10026,0,0,56,-1,1,Recon,,20101019,,,,8,75,13,1,1,2,,,1,2,n/a,MV Profiler II,SA_101
10026SA3234A.csar,10026SA3234A,CCG - Pacific,PWGSC - Geomatic Services,10026,0,0,1,32,34,Recon,,20101018,,,,8,75,13,1,1,2,,,1,2,n/a,MV Profiler II,SA3234
10024PC4955A.csar,10024PC4955A,CCG - Pacific,PWGSC - Geomatic Services,10024,1,2,46,49,55,Recon,,20101007,,,,1,75,13,1,1,2,,,3,2,n/a,Lifetimer,PC4955
10024MA4751A.csar,10024MA4751A,CCG - Pacific,PWGSC - Geomatic Services,10024,0,2,5,47,51,Recon,,20101006,,,,1,75,13,1,1,2,,,3,2,n/a,MV Shoal Point,MA4751
10025SA0709A.csar,10025SA0709A,CCG - Pacific,PWGSC - Geomatic Services,10025,0,0,64,7,8.5,Recon,,20100930,,,,8,75,13,1,1,2,,,1,2,n/a,MV Profiler II,SA0709
10022AB0510A.csar,10022AB0510A,CCG - Pacific,PWGSC - Geomatic Services,10022,0,0,#N/A,5,10,Recon,,20100929,,,,1,75,13,1,1,2,,,3,2,n/a,MV Shoal Point,AB0510
10025SA0104A.csar,10025SA0104A,CCG - Pacific,PWGSC - Geomatic Services,10025,0,0,57,1,4,Recon,,20100928,,,,8,75,13,1,1,2,,,1,2,n/a,MV Profiler II,SA0104
10025SA_101A.csar,10025SA_101A,CCG - Pacific,PWGSC - Geomatic Services,10025,0,0,56,-1,1,Recon,,20100927,,,,8,75,13,1,1,2,,,1,2,n/a,MV Profiler II,SA_!01
10020PR7075A.csar,10020PR7075A,CCG - Pacific,PWGSC - Geomatic Services,10020,0,4,29,70,75,Recon,,20100921,,,,1,75,13,1,1,2,,,3,4,n/a,MV Shoal Point,PR7075
10020PR6670A.csar,10020PR6670A,CCG - Pacific,PWGSC - Geomatic Services,10020,0,4,27,66,70,Recon,,20100920,,,,1,75,13,1,1,2,,,3,4,n/a,MV Shoal Point,PR6670
10023SA3234A.csar,10023SA3234A,CCG - Pacific,PWGSC - Geomatic Services,10023,0,0,1,32,34,Recon,,20100917,,,,8,75,13,1,1,2,,,1,2,n/a,MV Profiler II,SA3234
10023SA0507A.csar,10023SA0507A,CCG - Pacific,PWGSC - Geomatic Services,10023,0,0,63,5,7,Recon,,20100916,,,,8,75,13,1,1,2,,,1,2,n/a,MV Profiler II,SA0507
10023SA0710A.csar,10023SA0710A,CCG - Pacific,PWGSC - Geomatic Services,10023,0,0,64,7,10,Recon,,20100915,,,,8,75,13,1,1,2,,,1,2,n/a,MV Profiler II,SA0710
10023SA0104A.csar,10023SA0104A,CCG - Pacific,PWGSC - Geomatic Services,10023,0,0,57,1,4,Recon,,20100914,,,,8,75,13,1,1,2,,,1,2,n/a,MV Profiler II,SA0104
10023SA_101A.csar,10023SA_101A,CCG - Pacific,PWGSC - Geomatic Services,10023,0,0,56,-1,1,Recon,,20100913,,,,8,75,13,1,1,2,,,1,2,n/a,MV Profiler II,SA_101
10020PR6166A.csar,10020PR6166A,CCG - Pacific,PWGSC - Geomatic Services,10020,0,4,27,61,66,Recon,,20100909,,,,1,75,13,1,1,2,,,3,4,n/a,MV Shoal Point,PR6166
10020PR5761A.csar,10020PR5761A,CCG - Pacific,PWGSC - Geomatic Services,10020,0,4,13,57,61,Recon,,20100908,,,,1,75,13,1,1,2,,,3,4,n/a,MV Shoal Point,PR5761
10021SA0103A.csar,10021SA0103A,CCG - Pacific,PWGSC - Geomatic Services,10021,0,0,57,1,3,Recon,,20100903,,,,8,75,13,1,1,2,,,1,2,n/a,MV Profiler II,SA0103
10020PR5357A.csar,10020PR5357A,CCG - Pacific,PWGSC - Geomatic Services,10020,0,4,13,53,57,Recon,,20100902,,,,1,75,13,1,1,2,,,3,4,n/a,MV Shoal Point,PR5357
10020PR5053A.csar,10020PR5053A,CCG - Pacific,PWGSC - Geomatic Services,10020,0,4,13,50,53,Recon,,20100901,,,,1,75,13,1,1,2,,,3,4,n/a,MV Shoal Point,PR5053
10021SA0708A.csar,10021SA0708A,CCG - Pacific,PWGSC - Geomatic Services,10021,0,0,64,7,8,Recon,,20100831,,,,8,75,13,1,1,2,,,1,2,n/a,MV Profiler II,SA0708
10020PR4650A.csar,10020PR4650A,CCG - Pacific,PWGSC - Geomatic Services,10020,0,4,13,46,50,Recon,,20100830,,,,1,75,13,1,1,2,,,3,4,n/a,MV Shoal Point,PR4650
10019SA3234A.csar,10019SA3234A,CCG - Pacific,PWGSC - Geomatic Services,10019,0,0,1,32,34,Recon,,20100824,,,,8,75,13,1,1,2,,,1,2,n/a,MV Profiler II,SA3234
10019SA0507A.csar,10019SA0507A,CCG - Pacific,PWGSC - Geomatic Services,10019,0,0,63,5,7,Recon,,20100820,,,,8,75,13,1,1,2,,,1,2,n/a,MV Profiler II,SA0507
10019SA0711A.csar,10019SA0711A,CCG - Pacific,PWGSC - Geomatic Services,10019,0,0,64,7,10.5,Recon,,20100819,,,,8,75,13,1,1,2,,,1,2,n/a,MV Profiler II,SA0711
10019SA0104A.csar,10019SA0104A,CCG - Pacific,PWGSC - Geomatic Services,10019,0,0,57,1,3.5,Recon,,20100817,,,,8,75,13,1,1,2,,,1,2,n/a,MV Profiler II,SA0104
10019SA_101A.csar,10019SA_101A,CCG - Pacific,PWGSC - Geomatic Services,10019,0,0,56,-1,1,Recon,,20100816,,,,8,75,13,1,1,2,,,1,2,n/a,MV Profiler II,SA_101
10018SA2022A.csar,10018SA2022A,CCG - Pacific,PWGSC - Geomatic Services,10018,0,0,31,20,22,Recon,,20100812,,,,8,75,13,1,1,2,,,1,2,n/a,MV Profiler II,SA2022
10018MA6568A.csar,10018MA6568A,CCG - Pacific,PWGSC - Geomatic Services,10018,0,2,36,65,68,Recon,,20100809,,,,8,75,13,1,1,2,,,1,2,n/a,MV Profiler II,MA6568
10018SA3234A.csar,10018SA3234A,CCG - Pacific,PWGSC - Geomatic Services,10018,0,0,1,32,34,Recon,,20100806,,,,8,75,13,1,1,2,,,1,2,n/a,MV Profiler II,SA3234
10018SA0710A.csar,10018SA0710A,CCG - Pacific,PWGSC - Geomatic Services,10018,0,0,64,7,10,Recon,,20100805,,,,8,75,13,1,1,2,,,1,2,n/a,MV Profiler II,SA0710
10018SA_101A.csar,10018SA_101A,CCG - Pacific,PWGSC - Geomatic Services,10018,0,0,56,-1,1,Recon,,20100804,,,,8,75,13,1,1,2,,,1,2,n/a,MV Profiler II,SA_101
10018SA0104A.csar,10018SA0104A,CCG - Pacific,PWGSC - Geomatic Services,10018,0,0,57,1,3.5,Recon,,20100803,,,,8,75,13,1,1,2,,,1,2,n/a,MV Profiler II,SA0104
10017SA0507A.csar,10017SA0507A,CCG - Pacific,PWGSC - Geomatic Services,10017,0,0,63,5,7,Recon,,20100729,,,,8,75,13,1,1,2,,,1,2,n/a,MV Profiler II,SA0507
10017SA0710A.csar,10017SA0710A,CCG - Pacific,PWGSC - Geomatic Services,10017,0,0,64,7,10,Recon,,20100728,,,,8,75,13,1,1,2,,,1,2,n/a,MV Profiler II,SA0710
10017SA_101A.csar,10017SA_101A,CCG - Pacific,PWGSC - Geomatic Services,10017,0,0,56,-1,1,Recon,,20100727,,,,8,75,13,1,1,2,,,1,2,n/a,MV Profiler II,SA_101
10017SA0104A.csar,10017SA0104A,CCG - Pacific,PWGSC - Geomatic Services,10017,0,0,57,1,4,Recon,,20100726,,,,8,75,13,1,1,2,,,1,2,n/a,MV Profiler II,SA0104
10016SA1618A.csar,10016SA1618A,CCG - Pacific,PWGSC - Geomatic Services,10016,0,0,69,16,18,Recon,,20100723,,,,8,75,13,1,1,2,,,1,2,n/a,MV Profiler II,SA1618
10016SA2427A.csar,10016SA2427A,CCG - Pacific,PWGSC - Geomatic Services,10016,0,0,31,24,27,Recon,,20100722,,,,8,75,13,1,1,2,,,1,2,n/a,MV Profiler II,SA2427
10016SA0104A.csar,10016SA0104A,CCG - Pacific,PWGSC - Geomatic Services,10016,0,0,57,1,4,Recon,,20100721,,,,8,75,13,1,1,2,,,1,2,n/a,MV Profiler II,SA0104
10016SA0710A.csar,10016SA0710A,CCG - Pacific,PWGSC - Geomatic Services,10016,0,0,64,7,10,Recon,,20100720,,,,8,75,13,1,1,2,,,1,2,n/a,MV Profiler II,SA0710
10016SA_101A.csar,10016SA_101A,CCG - Pacific,PWGSC - Geomatic Services,10016,0,0,56,-1,1,Recon,,20100719,,,,8,75,13,1,1,2,,,1,2,n/a,MV Profiler II,SA_101
10015SA3134A.csar,10015SA3134A,CCG - Pacific,PWGSC - Geomatic Services,10015,0,0,1,31,34,Recon,,20100715,,,,8,75,13,1,1,2,,,1,2,n/a,MV Profiler II,SA3134
10015SA0710A.csar,10015SA0710A,CCG - Pacific,PWGSC - Geomatic Services,10015,0,0,64,7,10,Recon,,20100714,,,,8,75,13,1,1,2,,,1,2,n/a,MV Profiler II,SA0710
10015SA_100A.csar,10015SA_100A,CCG - Pacific,PWGSC - Geomatic Services,10015,0,0,56,-1,0,Recon,,20100713,,,,8,75,13,1,1,2,,,1,2,n/a,MV Profiler II,SA_100
10015SA0104A.csar,10015SA0104A,CCG - Pacific,PWGSC - Geomatic Services,10015,0,0,57,1,4,Recon,,20100713,,,,8,75,13,1,1,2,,,1,2,n/a,MV Profiler II,SA0104
10013SA2729A.csar,10013SA2729A,CCG - Pacific,PWGSC - Geomatic Services,10013,0,0,16,27,29,Recon,,20100709,,,,8,75,13,1,1,2,,,1,2,n/a,MV Profiler II,SA2729
10013SA_101A.csar,10013SA_101A,CCG - Pacific,PWGSC - Geomatic Services,10013,0,0,56,-1,1,Recon,,20100708,,,,8,75,13,1,1,2,,,1,2,n/a,MV Profiler II,SA_101
10013SA0507A.csar,10013SA0507A,CCG - Pacific,PWGSC - Geomatic Services,10013,0,0,63,5,7,Recon,,20100707,,,,8,75,13,1,1,2,,,1,2,n/a,MV Profiler II,SA0507
10013SA0104A.csar,10013SA0104A,CCG - Pacific,PWGSC - Geomatic Services,10013,0,0,57,1,4,Recon,,20100706,,,,8,75,13,1,1,2,,,1,2,n/a,MV Profiler II,SA0104
10013SA0710A.csar,10013SA0710A,CCG - Pacific,PWGSC - Geomatic Services,10013,0,0,64,7,10,Recon,,20100705,,,,8,75,13,1,1,2,,,1,2,n/a,MV Profiler II,SA0710
10009SA_100A.csar,10009SA_100A,CCG - Pacific,PWGSC - Geomatic Services,10009,0,0,56,-1,0,Recon,,20100629,,,,8,75,13,1,1,2,,,1,2,n/a,MV Profiler II,SA_100
10009SA0104A.csar,10009SA0104A,CCG - Pacific,PWGSC - Geomatic Services,10009,0,0,57,1,4,Recon,,20100629,,,,8,75,13,1,1,2,,,1,2,n/a,MV Profiler II,SA0104
10009SA0710A.csar,10009SA0710A,CCG - Pacific,PWGSC - Geomatic Services,10009,0,0,64,7,10,Recon,,20100628,,,,8,75,13,1,1,2,,,1,2,n/a,MV Profiler II,SA0710
10008SA3134A.csar,10008SA3134A,CCG - Pacific,PWGSC - Geomatic Services,10008,0,0,1,31,34,Recon,,20100624,,,,8,75,13,1,1,2,,,1,2,n/a,MV Profiler II,SA3134
10008SA0710A.csar,10008SA0710A,CCG - Pacific,PWGSC - Geomatic Services,10008,0,0,64,7,10,Recon,,20100623,,,,8,75,13,1,1,2,,,1,2,n/a,MV Profiler II,SA0710
10008SA0104A.csar,10008SA0104A,CCG - Pacific,PWGSC - Geomatic Services,10008,0,0,57,1,4,Recon,,20100622,,,,8,75,13,1,1,2,,,1,2,n/a,MV Profiler II,SA0104
10008SA_101A.csar,10008SA_101A,CCG - Pacific,PWGSC - Geomatic Services,10008,0,0,56,-1,1,Recon,,20100621,,,,8,75,13,1,1,2,,,1,2,n/a,MV Profiler II,SA_101
10008SA0507A.csar,10008SA0507A,CCG - Pacific,PWGSC - Geomatic Services,10008,0,0,63,5,7,Recon,,20100621,,,,8,75,13,1,1,2,,,1,2,n/a,MV Profiler II,SA0507
10007SA3234A.csar,10007SA3234A,CCG - Pacific,PWGSC - Geomatic Services,10007,0,0,1,32,34,Recon,,20100617,,,,8,75,13,1,1,2,,,1,2,n/a,MV Profiler II,SA3234
10007SA_101A.csar,10007SA_101A,CCG - Pacific,PWGSC - Geomatic Services,10007,0,0,56,-1,1,Recon,,20100616,,,,8,75,13,1,1,2,,,1,2,n/a,MV Profiler II,SA_101
10007SA0710A.csar,10007SA0710A,CCG - Pacific,PWGSC - Geomatic Services,10007,0,0,64,7,10,Recon,,20100615,,,,8,75,13,1,1,2,,,1,2,n/a,MV Profiler II,SA0710
10007SA0104A.csar,10007SA0104A,CCG - Pacific,PWGSC - Geomatic Services,10007,0,0,57,1,4,Recon,,20100614,,,,8,75,13,1,1,2,,,1,2,n/a,MV Profiler II,SA0104
10005Tofino.csar,10005Tofino,CCG - Pacific,PWGSC - Geomatic Services,10005,0,13,23,n/a,n/a,Recon,,20100608,,,,1,75,13,1,1,2,,,3,5,2.10m below GD,MV Shoal Point,TOFINO
10006SA3234A.csar,10006SA3234A,CCG - Pacific,PWGSC - Geomatic Services,10006,0,0,1,32,34,Recon,,20100603,,,,8,75,13,1,1,2,,,1,2,n/a,MV Profiler II,SA3234
10006SA0104A.csar,10006SA0104A,CCG - Pacific,PWGSC - Geomatic Services,10006,0,0,57,1,3.5,Recon,,20100602,,,,8,75,13,1,1,2,,,1,2,n/a,MV Profiler II,SA0104
10006SA0710A.csar,10006SA0710A,CCG - Pacific,PWGSC - Geomatic Services,10006,0,0,64,7,10,Recon,,20100601,,,,8,75,13,1,1,2,,,1,2,n/a,MV Profiler II,SA0710
10006SA_101A.csar,10006SA_101A,CCG - Pacific,PWGSC - Geomatic Services,10006,0,0,56,-1,1,Recon,,20100531,,,,8,75,13,1,1,2,,,1,2,n/a,MV Profiler II,SA_101
10004SA3234A.csar,10004SA3234A,CCG - Pacific,PWGSC - Geomatic Services,10004,0,0,1,32,34,Recon,,20100520,,,,8,75,13,1,1,2,,,1,2,n/a,MV Profiler II,SA3234
10004SA0104A.csar,10004SA0104A,CCG - Pacific,PWGSC - Geomatic Services,10004,0,0,57,1,4,Recon,,20100519,,,,8,75,13,1,1,2,,,1,2,n/a,MV Profiler II,SA0104
10004SA0710A.csar,10004SA0710A,CCG - Pacific,PWGSC - Geomatic Services,10004,0,0,64,7,10,Recon,,20100518,,,,8,75,13,1,1,2,,,1,2,n/a,MV Profiler II,SA0710
10004SA_101A.csar,10004SA_101A,CCG - Pacific,PWGSC - Geomatic Services,10004,0,0,56,-1,1,Recon,,20100517,,,,8,75,13,1,1,2,,,1,2,n/a,MV Profiler II,SA_101
09040CC0912A.csar,09040CC0912A,CCG - Pacific,PWGSC - Geomatic Services,09040,1,0,8,9,12,Annual,,20100331,,,,1,75,13,1,1,2,,,3,2,n/a,Lifetimer,CC0912
09040SA0711B.csar,09040SA0711B,CCG - Pacific,PWGSC - Geomatic Services,09040,0,0,64,7,11,Annual,,20100330,,,,8,75,13,1,1,2,,,1,2,n/a,MV Profiler II,SA0711
09040SA0407B.csar,09040SA0407B,CCG - Pacific,PWGSC - Geomatic Services,09040,0,0,63,4,7,Annual,,20100325,,,,8,75,13,1,1,2,,,1,2,n/a,MV Profiler II,SA0407
09040SA0104B.csar,09040SA0104B,CCG - Pacific,PWGSC - Geomatic Services,09040,0,0,57,1,4,Annual,,20100324,,,,8,75,13,1,1,2,,,1,2,n/a,MV Profiler II,SA0104
09040SA_101B.csar,09040SA_101B,CCG - Pacific,PWGSC - Geomatic Services,09040,0,0,56,-1,1,Annual,,20100323,,,,8,75,13,1,1,2,,,1,2,n/a,MV Profiler II,SA_101
09040SA1116B.csar,09040SA1116B,CCG - Pacific,PWGSC - Geomatic Services,09040,0,0,69,11,16,Annual,,20100318,,,,8,75,13,1,1,2,,,1,2,n/a,MV Profiler II,SA1116
09040SA1619B.csar,09040SA1619B,CCG - Pacific,PWGSC - Geomatic Services,09040,0,0,69,16,19,Annual,,20100317,,,,8,75,13,1,1,2,,,1,2,n/a,MV Profiler II,SA1619
09040SA1923B.csar,09040SA1923B,CCG - Pacific,PWGSC - Geomatic Services,09040,0,0,31,19,23,Annual,,20100316,,,,8,75,13,1,1,2,,,1,2,n/a,MV Profiler II,SA1923
09040SA2327B.csar,09040SA2327B,CCG - Pacific,PWGSC - Geomatic Services,09040,0,0,31,23,27,Annual,,20100315,,,,8,75,13,1,1,2,,,1,2,n/a,MV Profiler II,SA2327
09040SA2731B.csar,09040SA2731B,CCG - Pacific,PWGSC - Geomatic Services,09040,0,0,16,27,31,Annual,,20100311,,,,8,75,13,1,1,2,,,1,2,n/a,MV Profiler II,SA2731
09040SA3135B.csar,09040SA3135B,CCG - Pacific,PWGSC - Geomatic Services,09040,0,0,1,31,35,Annual,,20100310,,,,8,75,13,1,1,2,,,1,2,n/a,MV Profiler II,SA3135
09040SA_101A.csar,09040SA_101A,CCG - Pacific,PWGSC - Geomatic Services,09040,0,0,56,-1,1,Annual,,20100209,,,,1,75,13,1,1,2,,,3,2,n/a,MV Shoal Point,SA_101
09040SA0104A.csar,09040SA0104A,CCG - Pacific,PWGSC - Geomatic Services,09040,0,0,57,1,4,Annual,,20100209,,,,1,75,13,1,1,2,,,3,2,n/a,MV Shoal Point,SA0104
09040SA0407A.csar,09040SA0407A,CCG - Pacific,PWGSC - Geomatic Services,09040,0,0,63,4,7,Annual,,20100208,,,,1,75,13,1,1,2,,,3,2,n/a,MV Shoal Point,SA0407
09040SA0711A.csar,09040SA0711A,CCG - Pacific,PWGSC - Geomatic Services,09040,0,0,64,7,11,Annual,,20100208,,,,1,75,13,1,1,2,,,3,2,n/a,MV Shoal Point,SA0711
09040SA1116A.csar,09040SA1116A,CCG - Pacific,PWGSC - Geomatic Services,09040,0,0,69,11,16,Annual,,20100203,,,,1,75,13,1,1,2,,,3,2,n/a,MV Shoal Point,SA1116
09040SA1619A.csar,09040SA1619A,CCG - Pacific,PWGSC - Geomatic Services,09040,0,0,69,16,19,Annual,,20100121,,,,1,75,13,1,1,2,,,3,2,n/a,MV Shoal Point,SA1619
09040SA1923A.csar,09040SA1923A,CCG - Pacific,PWGSC - Geomatic Services,09040,0,0,31,19,23,Annual,,20100121,,,,1,75,13,1,1,2,,,3,2,n/a,MV Shoal Point,SA1923
09040SA2327A.csar,09040SA2327A,CCG - Pacific,PWGSC - Geomatic Services,09040,0,0,31,23,27,Annual,,20100119,,,,1,75,13,1,1,2,,,3,2,n/a,MV Shoal Point,SA2327
09040SA2731A.csar,09040SA2731A,CCG - Pacific,PWGSC - Geomatic Services,09040,0,0,16,27,31,Annual,,20100118,,,,1,75,13,1,1,2,,,3,2,n/a,MV Shoal Point,SA2731
09040SA3135A.csar,09040SA3135A,CCG - Pacific,PWGSC - Geomatic Services,09040,0,0,1,31,35,Annual,,20100114,,,,1,75,13,1,1,2,,,3,2,n/a,MV Shoal Point,SA3135
09040SR1115A.csar,09040SR1115A,CCG - Pacific,PWGSC - Geomatic Services,09040,1,0,60,11,15,Annual,,20100112,,,,1,75,13,1,1,2,,,3,2,n/a,Lifetimer,SR1115
09040CP1215A.csar,09040CP1215A,CCG - Pacific,PWGSC - Geomatic Services,09040,1,0,9,12,15,Annual,,20100112,,,,1,75,13,1,1,2,,,3,2,n/a,Lifetimer,CP1215
09040LH1519A.csar,09040LH1519A,CCG - Pacific,PWGSC - Geomatic Services,09040,1,0,34,15,19,Annual,,20100112,,,,1,75,13,1,1,2,,,3,2,n/a,Lifetimer,LH1519
09040LR1620A.csar,09040LR1620A,CCG - Pacific,PWGSC - Geomatic Services,09040,1,0,35,16,20,Annual,,20100111,,,,1,75,13,1,1,2,,,3,2,n/a,Lifetimer,LR1620
09040DS1719A.csar,09040DS1719A,CCG - Pacific,PWGSC - Geomatic Services,09040,1,0,18,17,19,Annual,,20100111,,,,1,75,13,1,1,2,,,3,2,n/a,Lifetimer,DS1719
09039NA0005A.csar,09039NA0005A,CCG - Pacific,PWGSC - Geomatic Services,09039,0,1,48,0,5,Annual,,20091210,,,,8,75,13,1,1,2,,,1,2,n/a,MV Profiler II,NA0005
09039NA0509A.csar,09039NA0509A,CCG - Pacific,PWGSC - Geomatic Services,09039,0,1,44,5,9,Annual,,20091209,,,,8,75,13,1,1,2,,,1,2,n/a,MV Profiler II,NA0509
09039NA0913A.csar,09039NA0913A,CCG - Pacific,PWGSC - Geomatic Services,09039,0,1,59,9,13,Annual,,20091208,,,,8,75,13,1,1,2,,,1,2,n/a,MV Profiler II,NA0913
09039MC1013A.csar,09039MC1013A,CCG - Pacific,PWGSC - Geomatic Services,09039,0,1,43,10,13,Annual,,20091207,,,,8,75,13,1,1,2,,,1,2,n/a,MV Profiler II,MC1013
09039NA1314A.csar,09039NA1314A,CCG - Pacific,PWGSC - Geomatic Services,09039,0,1,39,13,14,Annual,,20091202,,,,8,75,13,1,1,2,,,1,2,n/a,MV Profiler II,NA1314
09039MI1419A.csar,09039MI1419A,CCG - Pacific,PWGSC - Geomatic Services,09039,0,1,41,14,19,Annual,,20091202,,,,8,75,13,1,1,2,,,1,2,n/a,MV Profiler II,MI1419
09039NA1416A.csar,09039NA1416A,CCG - Pacific,PWGSC - Geomatic Services,09039,0,1,39,14,16,Annual,,20091201,,,,8,75,13,1,1,2,,,1,2,n/a,MV Profiler II,NA1416
09039NA1618A.csar,09039NA1618A,CCG - Pacific,PWGSC - Geomatic Services,09039,0,1,41,16,18,Annual,,20091201,,,,8,75,13,1,1,2,,,1,2,n/a,MV Profiler II,NA1618
09039NA1820A.csar,09039NA1820A,CCG - Pacific,PWGSC - Geomatic Services,09039,0,1,41,18,20,Annual,,20091201,,,,8,75,13,1,1,2,,,1,2,n/a,MV Profiler II,NA1820
09039NA2024A.csar,09039NA2024A,CCG - Pacific,PWGSC - Geomatic Services,09039,0,1,7,20,24,Annual,,20091130,,,,8,75,13,1,1,2,,,1,2,n/a,MV Profiler II,NA2024
09039NA2426A.csar,09039NA2426A,CCG - Pacific,PWGSC - Geomatic Services,09039,0,1,7,24,26,Annual,,20091130,,,,8,75,13,1,1,2,,,1,2,n/a,MV Profiler II,NA2426
09040MA3943A.csar,09040MA3943A,CCG - Pacific,PWGSC - Geomatic Services,09040,0,2,52,39,43,Annual,,20091130,,,,1,75,13,1,1,2,,,3,2,n/a,MV Shoal Point,MA3943
09039NA2630A.csar,09039NA2630A,CCG - Pacific,PWGSC - Geomatic Services,09039,0,1,3,26,30,Annual,,20091112,,,,8,75,13,1,1,2,,,1,2,n/a,MV Profiler II,NA2630
09040MA4547A.csar,09040MA4547A,CCG - Pacific,PWGSC - Geomatic Services,09040,0,2,22,45,47,Annual,,20091102,,,,1,75,13,1,1,2,,,3,2,n/a,MV Shoal Point,MA4547
09040MA4345A.csar,09040MA4345A,CCG - Pacific,PWGSC - Geomatic Services,09040,0,2,25,43,45,Annual,,20091030,,,,1,75,13,1,1,2,,,3,2,n/a,MV Shoal Point,MA4345
09040SC3741A.csar,09040SC3741A,CCG - Pacific,PWGSC - Geomatic Services,09040,1,2,58,37,41,Annual,,20091027,,,,1,75,13,1,1,2,,,3,2,n/a,MV Shoal Point,SC3741
09040MA3539A.csar,09040MA3539A,CCG - Pacific,PWGSC - Geomatic Services,09040,0,2,52,35,39,Annual,,20091026,,,,1,75,13,1,1,2,,,3,2,n/a,MV Shoal Point,MA3539
09039PI2931A.csar,09039PI2931A,CCG - Pacific,PWGSC - Geomatic Services,09039,0,1,50,29,31,Annual,,20091021,,,,1,75,13,1,1,2,,,3,2,n/a,MV Shoal Point,PI2931
